State,$,(,),:,;,=,ad,an,cm,do,dv,el,eq,if,lg,ls,md,ml,ng,nk,nm,np,nt,nu,or,pr,rt,sb,sr,th,un,vd,wh,{,}
0,,,r3,r3,,,,,,,,,,,,,,,,,s4,,,,,,,,,,,,,,
1,,,,,,,,,,,,,,,,,,,,,,,,,,,,,,,,,,,
2,s5,,,,,,,,,,,,,,,,,,,,,,,,,,,,,,,,,,
3,,,,s6,,,,,,,,,,,,,,,,,,,,,,,,,,,,,,,
4,,,r3,r3,,,,,,,,,,,,,,,,,s4,,,,,,,,,,,,,,
5,,,,,,,,,,,,,,,,,,,,,,,,,,,,,,,,,,,
6,,,,r5,,,,,,,,,,,,,,,,s11,,,,,,,,,,,,s10,,,
7,,,r4,r4,,,,,,,,,,,,,,,,,,,,,,,,,,,,,,,
8,,,,s12,,,,,,,,,,,,,,,,,,,,,,,,,,,,,,,
9,,,,r5,,,,,,,,,,,,,,,,s11,,,,,,,,,,,,s10,,,
10,,,,,,,,,,,,,,,,,,,,,s14,,,,,,,,,,,,,,
11,,,,,,,,,,,,,,,,,,,,,s15,,,,,,,,,,,,,,
12,r9,,,,,,,,s20,s28,,,,s26,,,,,,,s25,s19,,,,s18,r9,,,,s30,,s29,,r9
13,,,,r6,,,,,,,,,,,,,,,,,,,,,,,,,,,,,,,
14,,s31,,,,,,,,,,,,,,,,,,,,,,,,,,,,,,,,,
15,,s32,,,,,,,,,,,,,,,,,,,,,,,,,,,,,,,,,
16,r2,,,,,,,,,,,,,,,,,,,,,,,,,,r2,,,,,,,,
17,,,,,s33,,,,,,,,,,,,,,,,,,,,,,,,,,,,,,
18,,s35,,,,,,,,,,,,,,,,,,,,,,,,,,,s36,,,,,,
19,,,,,r14,,,,,,,,,,,,,,,,,,,,,,,,,,,,,,
20,,,,,,,,,,,,,,,,,,,,,,,,,,,,,s37,,,,,,
21,,,,,r16,,,,,,,,,,,,,,,,,,,,,,,,,,,,,,
22,,,,,r17,,,,,,,,,,,,,,,,,,,,,,,,,,,,,,
23,,,,,r18,,,,,,,,,,,,,,,,,,,,,,,,,,,,,,
24,,,,,r19,,,,,,,,,,,,,,,,,,,,,,,,,,,,,,
25,,s39,,,,s38,,,,,,,,,,,,,,,,,,,,,,,,,,,,,
26,,,,,,,,s42,,,,,s44,,s45,s46,,,,,,,s41,,s43,,,,,,,,,,
27,,,,,,,,s42,,,,,s44,,s45,s46,,,,,,,s41,,s43,,,,,,,,,,
28,,,,,,,,,,,,,,,,,,,,,,,,,,,,,,,,,,s48,
29,,,,,,,,r42,,,,,r42,,r42,r42,,,,,,,r42,,r42,,,,,,,,,,
30,,,,,,,,r43,,,,,r43,,r43,r43,,,,,,,r43,,r43,,,,,,,,,,
31,,,r3,r3,,,,,,,,,,,,,,,,,s4,,,,,,,,,,,,,,
32,,,r3,r3,,,,,,,,,,,,,,,,,s4,,,,,,,,,,,,,,
33,r9,,,,,,,,s20,s28,,,,s26,,,,,,,s25,s19,,,,s18,r9,,,,s30,,s29,,r9
34,,,,,r13,,,,,,,,,,,,,,,,,,,,,,,,,,,,,,
35,,,,,,,s57,,,,s60,,,,,,s56,s59,s61,,s53,,,s54,,,,s58,,,,,,,
36,,,,,r12,,,,,,,,,,,,,,,,,,,,,,,,,,,,,,
37,,,,,r15,,,,,,,,,,,,,,,,,,,,,,,,,,,,,,
38,,,,,,,s57,,,,s60,,,,,,s56,s59,s61,,s53,,,s54,,,,s58,,,,,,,
39,,,r21,,,,s57,,,,s60,,,,,,s56,s59,s61,,s53,,,s54,,,,s58,,,,,,,
40,,,,,,,,,,,,,,,,,,,,,,,,,,,,,,s65,,,,,
41,,s66,,,,,,,,,,,,,,,,,,,,,,,,,,,,,,,,,
42,,s67,,,,,,,,,,,,,,,,,,,,,,,,,,,,,,,,,
43,,s68,,,,,,,,,,,,,,,,,,,,,,,,,,,,,,,,,
44,,s69,,,,,,,,,,,,,,,,,,,,,,,,,,,,,,,,,
45,,s70,,,,,,,,,,,,,,,,,,,,,,,,,,,,,,,,,
46,,s71,,,,,,,,,,,,,,,,,,,,,,,,,,,,,,,,,
47,,,,,,,,,,s72,,,,,,,,,,,,,,,,,,,,,,,,,
48,r9,,,,,,,,s20,s28,,,,s26,,,,,,,s25,s19,,,,s18,r9,,,,s30,,s29,,r9
49,,,s74,,,,,,,,,,,,,,,,,,,,,,,,,,,,,,,,
50,,,s75,,,,,,,,,,,,,,,,,,,,,,,,,,,,,,,,
51,r10,,,,,,,,,,,,,,,,,,,,,,,,,,r10,,,,,,,,r10
52,,,s76,,,,,,,,,,,,,,,,,,,,,,,,,,,,,,,,
53,,s39,r24,,r24,,r24,,,,r24,,,,,,r24,r24,r24,,r24,,,r24,,,,r24,,,,,,,
54,,,r25,,r25,,r25,,,,r25,,,,,,r25,r25,r25,,r25,,,r25,,,,r25,,,,,,,
55,,,r26,,r26,,r26,,,,r26,,,,,,r26,r26,r26,,r26,,,r26,,,,r26,,,,,,,
56,,s77,,,,,,,,,,,,,,,,,,,,,,,,,,,,,,,,,
57,,s78,,,,,,,,,,,,,,,,,,,,,,,,,,,,,,,,,
58,,s79,,,,,,,,,,,,,,,,,,,,,,,,,,,,,,,,,
59,,s80,,,,,,,,,,,,,,,,,,,,,,,,,,,,,,,,,
60,,s81,,,,,,,,,,,,,,,,,,,,,,,,,,,,,,,,,
61,,s82,,,,,,,,,,,,,,,,,,,,,,,,,,,,,,,,,
62,,,,,r23,,,,,,,,,,,,,,,,,,,,,,,,,,,,,,
63,,,s83,,,,,,,,,,,,,,,,,,,,,,,,,,,,,,,,
64,,,r21,,,,s57,,,,s60,,,,,,s56,s59,s61,,s53,,,s54,,,,s58,,,,,,,
65,,,,,,,,,,,,,,,,,,,,,,,,,,,,,,,,,,s85,
66,,,,,,,,s42,,,,,s44,,s45,s46,,,,,,,s41,,s43,,,,,,,,,,
67,,,,,,,,s42,,,,,s44,,s45,s46,,,,,,,s41,,s43,,,,,,,,,,
68,,,,,,,,s42,,,,,s44,,s45,s46,,,,,,,s41,,s43,,,,,,,,,,
69,,,,,,,s57,,,,s60,,,,,,s56,s59,s61,,s53,,,s54,,,,s58,,,,,,,
70,,,,,,,s57,,,,s60,,,,,,s56,s59,s61,,s53,,,s54,,,,s58,,,,,,,
71,,,,,,,s57,,,,s60,,,,,,s56,s59,s61,,s53,,,s54,,,,s58,,,,,,,
72,,,,,,,,,,,,,,,,,,,,,,,,,,,,,,,,,,s92,
73,,,,,,,,,,,,,,,,,,,,,,,,,,,,,,,,,,,s93
74,,,,,,,,,,,,,,,,,,,,,,,,,,,,,,,,,,s94,
75,,,,,,,,,,,,,,,,,,,,,,,,,,,,,,,,,,s95,
76,,,,,r11,,,,,,,,,,,,,,,,,,,,,,,,,,,,,,
77,,,,,,,s57,,,,s60,,,,,,s56,s59,s61,,s53,,,s54,,,,s58,,,,,,,
78,,,,,,,s57,,,,s60,,,,,,s56,s59,s61,,s53,,,s54,,,,s58,,,,,,,
79,,,,,,,s57,,,,s60,,,,,,s56,s59,s61,,s53,,,s54,,,,s58,,,,,,,
80,,,,,,,s57,,,,s60,,,,,,s56,s59,s61,,s53,,,s54,,,,s58,,,,,,,
81,,,,,,,s57,,,,s60,,,,,,s56,s59,s61,,s53,,,s54,,,,s58,,,,,,,
82,,,,,,,s57,,,,s60,,,,,,s56,s59,s61,,s53,,,s54,,,,s58,,,,,,,
83,,,r20,,r20,,r20,,,,r20,,,,,,r20,r20,r20,,r20,,,r20,,,,r20,,,,,,,
84,,,r22,,,,,,,,,,,,,,,,,,,,,,,,,,,,,,,,
85,r9,,,,,,,,s20,s28,,,,s26,,,,,,,s25,s19,,,,s18,r9,,,,s30,,s29,,r9
86,,,s103,,,,,,,,,,,,,,,,,,,,,,,,,,,,,,,,
87,,,,,,,,s42,,,,,s44,,s45,s46,,,,,,,s41,,s43,,,,,,,,,,
88,,,,,,,,s42,,,,,s44,,s45,s46,,,,,,,s41,,s43,,,,,,,,,,
89,,,,,,,s57,,,,s60,,,,,,s56,s59,s61,,s53,,,s54,,,,s58,,,,,,,
90,,,,,,,s57,,,,s60,,,,,,s56,s59,s61,,s53,,,s54,,,,s58,,,,,,,
91,,,,,,,s57,,,,s60,,,,,,s56,s59,s61,,s53,,,s54,,,,s58,,,,,,,
92,r9,,,,,,,,s20,s28,,,,s26,,,,,,,s25,s19,,,,s18,r9,,,,s30,,s29,,r9
93,,,,,,,,,,,,,,,,,,,,,,,,,,,,,,,s30,,s29,,
94,,,r3,r3,,,,,,,,,,,,,,,,,s4,,,,,,,,,,,,,,
95,,,r3,r3,,,,,,,,,,,,,,,,,s4,,,,,,,,,,,,,,
96,,,,,,,s57,,,,s60,,,,,,s56,s59,s61,,s53,,,s54,,,,s58,,,,,,,
97,,,,,,,s57,,,,s60,,,,,,s56,s59,s61,,s53,,,s54,,,,s58,,,,,,,
98,,,,,,,s57,,,,s60,,,,,,s56,s59,s61,,s53,,,s54,,,,s58,,,,,,,
99,,,,,,,s57,,,,s60,,,,,,s56,s59,s61,,s53,,,s54,,,,s58,,,,,,,
100,,,,,,,s57,,,,s60,,,,,,s56,s59,s61,,s53,,,s54,,,,s58,,,,,,,
101,,,s118,,,,,,,,,,,,,,,,,,,,,,,,,,,,,,,,
102,,,,,,,,,,,,,,,,,,,,,,,,,,,,,,,,,,,s119
103,,,r34,,r34,,,r34,,r34,,,r34,,r34,r34,,,,,,,r34,,r34,,,,,r34,,,,,
104,,,s120,,,,,,,,,,,,,,,,,,,,,,,,,,,,,,,,
105,,,s121,,,,,,,,,,,,,,,,,,,,,,,,,,,,,,,,
106,,,s122,,,,,,,,,,,,,,,,,,,,,,,,,,,,,,,,
107,,,s123,,,,,,,,,,,,,,,,,,,,,,,,,,,,,,,,
108,,,s124,,,,,,,,,,,,,,,,,,,,,,,,,,,,,,,,
109,,,,,,,,,,,,,,,,,,,,,,,,,,,,,,,,,,,s125
110,,,,,,,,s42,,,,,s44,,s45,s46,,,,,,,s41,,s43,,,,,,,,,,
111,,,,,,,,,,,,,,,,,,,,,,,,,,,s127,,,,,,,,
112,,,,,,,,,,,,,,,,,,,,,,,,,,,s128,,,,,,,,
113,,,s129,,,,,,,,,,,,,,,,,,,,,,,,,,,,,,,,
114,,,s130,,,,,,,,,,,,,,,,,,,,,,,,,,,,,,,,
115,,,s131,,,,,,,,,,,,,,,,,,,,,,,,,,,,,,,,
116,,,s132,,,,,,,,,,,,,,,,,,,,,,,,,,,,,,,,
117,,,s133,,,,,,,,,,,,,,,,,,,,,,,,,,,,,,,,
118,,,r32,,r32,,r32,,,,r32,,,,,,r32,r32,r32,,r32,,,r32,,,,r32,,,,,,,
119,,,,,,,,,,,,s134,,,,,,,,,,,,,,,,,,,,,,,
120,,,r35,,r35,,,r35,,r35,,,r35,,r35,r35,,,,,,,r35,,r35,,,,,r35,,,,,
121,,,r36,,r36,,,r36,,r36,,,r36,,r36,r36,,,,,,,r36,,r36,,,,,r36,,,,,
122,,,r37,,r37,,,r37,,r37,,,r37,,r37,r37,,,,,,,r37,,r37,,,,,r37,,,,,
123,,,r38,,r38,,,r38,,r38,,,r38,,r38,r38,,,,,,,r38,,r38,,,,,r38,,,,,
124,,,r39,,r39,,,r39,,r39,,,r39,,r39,r39,,,,,,,r39,,r39,,,,,r39,,,,,
125,,,,,r40,,,,,,,,,,,,,,,,,,,,,,,,,,,,,,
126,,,,,r41,,,,,,,,,,,,,,,,,,,,,,,,,,,,,,
127,,,,,,,,,,,,,,,,,,,,,,,,,,,,,,,,,,,s135
128,,s136,,,,,,,,,,,,,,,,,,,,,,,,,,,,,,,,,
129,,,r27,,r27,,r27,,,,r27,,,,,,r27,r27,r27,,r27,,,r27,,,,r27,,,,,,,
130,,,r28,,r28,,r28,,,,r28,,,,,,r28,r28,r28,,r28,,,r28,,,,r28,,,,,,,
131,,,r29,,r29,,r29,,,,r29,,,,,,r29,r29,r29,,r29,,,r29,,,,r29,,,,,,,
132,,,r30,,r30,,r30,,,,r30,,,,,,r30,r30,r30,,r30,,,r30,,,,r30,,,,,,,
133,,,r31,,r31,,r31,,,,r31,,,,,,r31,r31,r31,,r31,,,r31,,,,r31,,,,,,,
134,,,,,,,,,,,,,,,,,,,,,,,,,,,,,,,,,,s137,
135,,,,r7,,,,,,,,,,,,,,,,r7,,,,,,,,,,,,r7,,,
136,,,,,,,s57,,,,s60,,,,,,s56,s59,s61,,s53,,,s54,,,,s58,,,,,,,
137,r9,,,,,,,,s20,s28,,,,s26,,,,,,,s25,s19,,,,s18,r9,,,,s30,,s29,,r9
138,,,s140,,,,,,,,,,,,,,,,,,,,,,,,,,,,,,,,
139,,,,,,,,,,,,,,,,,,,,,,,,,,,,,,,,,,,s141
140,,,,,,,,,,,,,,,,,,,,,,,,,,,,,,,,,,,s142
141,,,,,r33,,,,,,,,,,,,,,,,,,,,,,,,,,,,,,
142,,,,r8,,,,,,,,,,,,,,,,r8,,,,,,,,,,,,r8,,,
